Name,Team,PS,GP,MinpG,FG%,FT%,3M,3PT%,3PTpG,PpG,ORpG,DRpG,RpG,ApG,SpG,BpG,TOpG,PFpG,Tech,+/-
"acy, quincy",sac,SF,59,14.9,0.556,0.735,19,0.388,0.3,5.2,1.1,2.1,3.2,0.5,0.5,0.4,0.5,1.7,3,-128
"adams, jordan",mem,SG,2,7.5,0.333,0.6,0,0,0,3.5,0,1,1,1.5,1.5,0,1,1,0,4
"adams, steven",okl,C,80,25.2,0.613,0.582,0,0,0,8,2.7,3.9,6.6,0.8,0.5,1.1,1.1,2.8,2,477
"afflalo, arron",nyk,SG,71,33.2,0.443,0.84,91,0.382,1.3,12.8,0.3,3.4,3.7,2,0.4,0.1,1.2,2,1,-154
"ajinca, alexis",nor,C,59,14.6,0.478,0.839,0,0,0,6,1.3,3.3,4.6,0.5,0.3,0.6,0.9,2.3,2,-68
"aldrich, cole",lac,C,60,13.4,0.596,0.714,0,0,0,5.5,1.4,3.4,4.8,0.8,0.8,1.1,1.1,2.3,0,-28
"aldridge, lamarcus",san,PF,74,30.5,0.513,0.858,0,0,0,18,2.4,6.2,8.5,1.5,0.5,1.1,1.3,2,0,510
"alexander, cliff",por,PF,9,4.1,0.5,0,0,0,0,1.1,0.2,0.4,0.7,0,0.1,0.2,0.1,0.1,0,-14
"allen, lavoy",ind,PF,79,20.3,0.516,0.63,0,0,0,5.4,2.1,3.3,5.4,1,0.3,0.5,0.9,1.9,0,190
"allen, tony",mem,SG,64,25.3,0.458,0.652,15,0.357,0.2,8.4,1.6,3,4.6,1.1,1.7,0.3,1.2,2.7,1,-92
"aminu, al-farouq",por,SF,82,28.6,0.416,0.737,126,0.361,1.5,10.2,1.2,4.9,6.1,1.7,0.9,0.6,1.5,2.1,3,42
"amundson, lou",nyk,PF,29,6.9,0.365,0.519,0,0,0,1.8,0.8,0.9,1.7,0.4,0.2,0.2,0.5,1.5,1,-47
"andersen, chris",mem,PF,27,15,0.528,0.694,4,0.286,0.1,3.9,1.3,2.3,3.6,0.4,0.6,0.5,0.3,1.1,0,-70
"anderson, alan",was,SG,13,14.8,0.356,0.733,12,0.324,0.9,5,0.1,2,2.1,1.1,0.3,0.1,0.2,1.9,0,30
"anderson, james",sac,SG,51,14.1,0.376,0.759,23,0.267,0.5,3.5,0.3,1.4,1.7,0.8,0.4,0.3,0.8,1.1,0,-83
"anderson, justin",dal,SG,55,11.7,0.403,0.8,22,0.265,0.4,3.8,0.3,2.1,2.4,0.5,0.3,0.5,0.4,0.8,0,7
"anderson, kyle",san,SF,78,16,0.466,0.747,12,0.324,0.2,4.5,0.3,2.8,3.1,1.6,0.8,0.4,0.8,1.2,0,204
"anderson, ryan",nor,PF,66,30.5,0.428,0.873,131,0.367,2,17,2,4,6,1.1,0.6,0.4,1.4,1.7,3,30
"antetokounmpo, giannis",mil,SF,80,35.3,0.507,0.724,28,0.255,0.4,16.9,1.4,6.3,7.7,4.3,1.2,1.4,2.6,3.2,1,-153
"antetokounmpo, thanasis",nyk,SF,3,2.3,0.75,0,0,0,0,2,0,0.3,0.3,0,0,0,0,0.7,0,-6
"anthony, carmelo",nyk,SF,72,35.1,0.434,0.829,105,0.339,1.5,21.8,1.4,6.4,7.7,4.2,0.9,0.5,2.4,2.5,4,-42
"anthony, joel",det,C,19,5,0.6,0.75,0,0,0,0.9,0.4,0.7,1.1,0.1,0.1,0.6,0.1,0.8,0,-17
"appling, keith",orl,PG,5,5.4,0.25,1,0,0,0,1.2,0,0.2,0.2,0.2,0.2,0,0.6,1,0,14
"ariza, trevor",hou,SF,81,35.3,0.416,0.783,185,0.372,2.3,12.7,0.8,3.7,4.5,2.3,2,0.3,1.4,2.2,2,45
"artest, ron",lal,SF,35,16.8,0.311,0.702,26,0.31,0.7,5,0.5,2,2.5,0.8,0.6,0.3,0.4,1.9,1,-65
"arthur, darrell",den,PF,70,21.7,0.452,0.755,45,0.385,0.6,7.5,1.2,3,4.2,1.4,0.8,0.7,0.9,2.6,2,-52
"asik, omer",nor,C,68,17.4,0.531,0.545,0,0,0,4,1.8,4.3,6.1,0.4,0.3,0.3,0.9,1.8,0,-206
"augustin, d.j.",den,PG,62,19.1,0.423,0.805,68,0.402,1.1,7.5,0.1,1.4,1.5,3.2,0.6,0.1,1.4,1.4,0,-34
"ayres, jeff",lac,PF,16,5.9,0.476,1,0,0,0,1.5,0.2,1,1.2,0.2,0,0,0.3,1,0,-37
"babbitt, luke",nor,SF,47,18,0.422,0.78,44,0.404,0.9,7,0.5,2.6,3.1,1.1,0.2,0.1,0.5,1.9,1,-33
"bairstow, cameron",chi,PF,18,5.7,0.325,0.875,1,0.2,0.1,1.9,0.2,1.3,1.6,0.3,0.1,0.2,0.2,1.1,0,-8
"barbosa, leandro",gsw,SG,68,15.9,0.462,0.839,39,0.351,0.6,6.4,0.4,1.3,1.7,1.2,0.6,0.1,0.8,1.6,1,45
"barea, j.j.",dal,PG,74,22.5,0.446,0.771,100,0.386,1.4,10.9,0.4,1.7,2.1,4.1,0.4,0,1.5,1.5,3,-72
"bargnani, andrea",bro,C,46,13.8,0.457,0.825,3,0.2,0.1,6.6,0.6,1.5,2.1,0.4,0.1,0.2,0.6,1.3,0,-188
"barnes, harrison",gsw,SF,66,31,0.466,0.761,82,0.383,1.2,11.7,1.2,3.8,4.9,1.8,0.6,0.2,0.9,2.1,0,448
"barnes, matt",mem,SF,76,28.8,0.381,0.804,119,0.322,1.6,10,1.1,4.4,5.5,2.1,1,0.8,1.6,3.1,4,-212
"barton, will",den,SG,82,28.7,0.433,0.806,112,0.346,1.4,14.4,0.7,5.1,5.8,2.5,0.9,0.5,1.7,1.8,2,-132
"bass, brandon",lal,PF,66,20.3,0.549,0.845,0,0,0,7.2,1.6,2.7,4.3,1.1,0.5,0.8,0.6,1.9,0,-22
"batum, nicolas",cha,SF,70,35,0.427,0.849,139,0.348,2,14.9,0.8,5.3,6.1,5.8,0.9,0.6,2.9,1.6,1,211
"bayless, jerryd",mil,PG,52,29,0.423,0.778,101,0.439,1.9,10.4,0.4,2.3,2.7,3.1,0.9,0.2,1.4,2.1,1,-185
"baynes, aron",det,PF,81,15.3,0.505,0.764,0,0,0,6.3,1.7,3,4.7,0.6,0.3,0.6,0.8,1.9,0,-56
"bazemore, kent",atl,SG,75,27.7,0.442,0.815,109,0.359,1.5,11.6,0.4,4.7,5,2.3,1.3,0.5,1.8,2.3,4,78
"beal, bradley",was,SG,55,31.1,0.449,0.767,105,0.387,1.9,17.4,0.7,2.7,3.4,2.9,1,0.2,2,2.1,0,-25
"beasley, michael",hou,PF,20,18,0.522,0.776,3,0.333,0.2,12.8,1.5,3.5,4.9,0.8,0.6,0.5,1.2,2,0,-67
"belinelli, marco",sac,SF,68,24.6,0.386,0.833,91,0.306,1.3,10.2,0.1,1.6,1.7,1.9,0.5,0,1.2,1.3,0,-187
"bennett, anthony",tor,PF,19,4.5,0.308,0.9,3,0.214,0.2,1.5,0.3,0.9,1.2,0,0.3,0,0.2,0.4,0,-24
"beverley, patrick",hou,PG,71,28.7,0.434,0.682,124,0.4,1.7,9.9,1,2.5,3.5,3.4,1.3,0.4,1.3,3.3,5,136
"biyombo, bismack",tor,PF,82,22.1,0.542,0.628,0,0,0,5.5,2.2,5.8,8,0.4,0.2,1.6,0.9,2.7,3,80
"bjelica, nemanja",min,PF,60,18,0.468,0.727,48,0.384,0.8,5.1,0.8,2.7,3.5,1.4,0.4,0.4,0.8,2.6,0,-133
"black, tarik",lal,C,39,12.7,0.543,0.422,0,0,0,3.4,1.1,2.9,4,0.4,0.4,0.5,0.6,2,0,21
"blair, dejuan",was,C,29,7.5,0.412,0.385,0,0,0,2.1,0.7,1.3,2,0.4,0.3,0.1,0.5,1.8,0,-39
"blake, steve",det,PG,58,17,0.388,0.8,52,0.344,0.9,4.4,0.2,1.4,1.5,3.4,0.4,0.1,1.4,1.2,0,-55
"bledsoe, eric",pho,PG,31,34.1,0.453,0.802,48,0.372,1.5,20.4,0.6,3.5,4,6.1,2,0.6,3.6,2.4,2,-49
"bogdanovic, bojan",bro,SG,79,26.8,0.433,0.833,129,0.383,1.6,11.2,0.5,2.8,3.2,1.3,0.4,0.1,1.5,1.5,2,-389
"bogut, andrew",gsw,C,70,20.7,0.627,0.48,1,1,0,5.4,1.7,5.3,7,2.3,0.5,1.6,1.2,3.2,0,407
"bonner, matt",san,C,30,7,0.5,0.75,15,0.429,0.5,2.5,0.1,0.8,0.9,0.3,0.2,0,0.1,0.5,0,64
"booker, devin",pho,SG,76,27.8,0.423,0.84,99,0.343,1.3,13.8,0.4,2.1,2.5,2.6,0.6,0.3,2.1,3,0,-373
"booker, trevor",uta,PF,79,20.7,0.49,0.67,12,0.293,0.2,5.9,2.1,3.6,5.7,1.1,0.7,0.5,1,2.1,1,66
"bosh, chris",mia,PF,53,33.5,0.467,0.795,81,0.365,1.5,19.1,0.9,6.5,7.4,2.4,0.7,0.6,1.5,1.9,2,22
"bradley, avery",bos,PG,76,33.4,0.448,0.78,147,0.362,1.9,15.2,0.6,2.3,2.9,2.1,1.5,0.3,1.4,2.2,0,212
"brand, elton",phi,PF,17,13.2,0.431,0.889,0,0,0,4.1,0.5,3.2,3.7,1.1,0.5,0.5,0.6,1.9,0,-41
"brewer, corey",hou,SG,82,20.4,0.384,0.75,61,0.271,0.7,7.2,0.5,1.9,2.4,1.3,1,0.2,1,2,0,-85
"brooks, aaron",chi,PG,69,16.1,0.4,0.766,66,0.357,1,7.1,0.3,1.2,1.5,2.6,0.4,0.1,1.2,1.9,1,-10
"brown, anthony",lal,SF,29,20.6,0.31,0.85,20,0.286,0.7,4,0.3,2.1,2.4,0.7,0.5,0.2,0.5,1.2,0,-35
"brown, lorenzo",pho,PG,8,7.5,0.32,0.75,1,0.125,0.1,2.5,0,0.9,0.9,1.4,0.4,0.1,1.1,0.5,0,-30
"brown, markel",bro,SG,62,16,0.394,0.755,38,0.314,0.6,5.9,0.4,1.6,2,1.5,0.6,0.2,0.9,1.5,1,-230
"bryant, kobe",lal,SG,66,28.2,0.358,0.826,133,0.285,2,17.6,0.6,3.1,3.7,2.8,0.9,0.2,2,1.7,1,-572
"budinger, chase",pho,SF,66,14.1,0.435,0.696,24,0.279,0.4,4.1,0.7,1.6,2.3,1,0.5,0.2,0.7,0.9,0,-2
"bullock, reggie",det,SF,37,11.5,0.439,0.933,22,0.415,0.6,3.3,0.4,1.5,1.8,0.7,0.3,0.1,0.2,0.8,0,-58
"burke, trey",uta,PG,64,21.3,0.413,0.817,88,0.344,1.4,10.6,0.3,1.5,1.8,2.3,0.5,0.1,1.3,1.3,0,-1
"burks, alec",uta,PG,31,25.7,0.41,0.752,32,0.405,1,13.3,0.5,3,3.5,2,0.6,0.1,1.6,2.3,0,-21
"butler, caron",sac,SF,17,10.4,0.424,0.833,3,0.167,0.2,3.7,0.3,1,1.3,0.6,0.5,0.1,0.2,1.1,0,-41
"butler, jimmy",chi,SG,67,36.9,0.455,0.832,64,0.311,1,20.9,1.2,4.2,5.4,4.8,1.6,0.6,2,1.9,1,-9
"butler, rasual",san,SF,46,9.4,0.467,0.688,15,0.306,0.3,2.7,0.1,1.2,1.2,0.5,0.3,0.5,0.2,0.2,0,80
"caboclo, bruno",tor,SF,6,7.2,0.083,0,1,0.143,0.2,0.5,0.2,0.2,0.3,0.2,0.3,0.2,0.7,0.3,0,-5
"calderon, jose",nyk,PG,72,28.1,0.459,0.875,84,0.414,1.2,7.6,0.3,2.9,3.2,4.1,0.9,0.1,1.2,1.9,2,-75
"caldwell-pope, kentavious",det,SG,76,36.7,0.42,0.811,114,0.31,1.5,14.5,0.9,2.8,3.7,1.8,1.4,0.2,1.4,2.2,3,174
"canaan, isaiah",phi,PG,77,25.6,0.36,0.833,176,0.364,2.3,11,0.3,2,2.3,1.8,0.7,0.2,1.2,1.7,1,-476
"capela, clint",hou,C,77,19.1,0.582,0.379,0,0,0,7,2.5,3.9,6.4,0.6,0.8,1.2,0.8,2.5,0,101
"carroll, demarre",tor,SF,26,30.3,0.389,0.6,46,0.39,1.8,11,1.2,3.5,4.7,1,1.7,0.2,1.1,2.4,0,41
"carter, vince",mem,SG,60,16.8,0.388,0.833,59,0.349,1,6.6,0.5,1.9,2.4,0.9,0.6,0.3,0.6,1.7,1,-33
"carter-williams, michael",mil,PG,54,30.5,0.452,0.654,15,0.273,0.3,11.5,0.9,4.2,5.1,5.2,1.5,0.8,2.8,3,3,-118
"casspi, omri",sac,SF,69,27.3,0.482,0.648,112,0.409,1.6,11.8,0.8,5.1,5.9,1.4,0.8,0.2,1.4,2.2,4,9
"cauley-stein, wil",sac,C,66,21.4,0.563,0.648,0,0,0,7,2,3.3,5.3,0.6,0.7,1,0.7,2.2,0,-78
"chalmers, mario",mem,PG,61,22.6,0.41,0.832,46,0.309,0.8,10.3,0.4,2.2,2.6,3.8,1.4,0.2,1.8,3,5,80
"chandler, tyson",pho,C,66,24.5,0.583,0.62,0,0,0,7.2,2.7,6.1,8.7,1,0.5,0.7,1.4,2.2,3,-393
"christmas, rakeem",ind,PF,1,6,1,0,0,0,0,4,1,0,1,0,0,0,0,1,0,-10
"clark, ian",gsw,SG,66,8.8,0.441,0.824,30,0.357,0.5,3.6,0.2,0.8,1,1,0.3,0.2,0.7,0.9,1,-77
"clarke, coty",bos,??,4,2,0.5,0,2,1,0.5,1.5,0,0.3,0.3,0,0,0,0.3,0,0,4
"clarkson, jordan",lal,PG,79,32.4,0.432,0.804,111,0.349,1.4,15.5,1.2,2.8,4,2.4,1.1,0.1,1.7,2.1,0,-629
"cole, norris",nor,PG,45,26.6,0.404,0.8,33,0.32,0.7,10.6,0.2,3.1,3.4,3.7,0.8,0.1,1.7,2.3,0,-108
"collison, darren",sac,PG,74,29.9,0.486,0.858,87,0.401,1.2,14,0.4,1.9,2.3,4.3,1,0.1,1.7,1.9,1,-69
"collison, nick",okl,PF,59,11.9,0.459,0.697,0,0,0,2.1,1.2,1.7,2.9,0.9,0.3,0.3,0.8,1.8,1,24
"conley, mike",mem,PG,56,31.3,0.422,0.834,78,0.363,1.4,15.3,0.5,2.5,2.9,6.1,1.2,0.3,1.5,1.8,0,60
"connaughton, pat",por,SG,34,4.3,0.265,1,5,0.238,0.1,1.1,0.3,0.6,0.9,0.3,0.1,0,0.3,0.2,0,-12
"copeland, chris",mil,SF,24,6.6,0.333,0.857,10,0.278,0.4,2.1,0,0.4,0.4,0.5,0.1,0,0.3,0.7,0,-80
"cotton, bryce",mem,PG,8,5.1,0.4,0,0,0,0,1,0,0,0,0.4,0.4,0,0.6,0.3,0,-24
"cousins, demarcus",sac,C,65,34.5,0.451,0.718,70,0.333,1.1,26.9,2.4,9,11.5,3.3,1.6,1.4,3.8,3.6,11,39
"covington, robert",phi,SF,67,28.4,0.385,0.791,170,0.353,2.5,12.8,1,5.3,6.3,1.4,1.6,0.6,2.1,3.5,0,-284
"crabbe, allen",por,SF,81,26.1,0.46,0.867,112,0.394,1.4,10.3,0.3,2.3,2.7,1.2,0.8,0.2,0.8,2.4,0,34
"crawford, jamal",lac,SG,79,26.9,0.403,0.904,117,0.339,1.5,14.2,0.3,1.6,1.8,2.3,0.7,0.2,1.4,1.5,3,165
"crowder, jae",bos,SF,73,31.6,0.442,0.82,122,0.336,1.7,14.2,1,4.2,5.1,1.8,1.7,0.5,1.1,2.7,3,220
"cunningham, dante",nor,PF,80,24.7,0.45,0.695,55,0.316,0.7,6.1,0.7,2.2,3,1,0.5,0.4,0.5,2.2,0,-292
"cunningham, jared",mil,SG,45,9.2,0.343,0.655,12,0.308,0.3,2.7,0.1,0.8,0.8,0.4,0.3,0,0.5,0.9,0,-44
"curry, seth",sac,SG,44,15.8,0.455,0.833,50,0.45,1.1,6.8,0.2,1.2,1.4,1.5,0.5,0.1,0.8,0.9,0,-43
"curry, stephen",gsw,PG,79,34.2,0.504,0.908,402,0.453,5.1,30.1,0.9,4.6,5.4,6.7,2.1,0.2,3.3,2,1,1001
"daniels, troy",cha,SG,43,11.1,0.476,0.556,59,0.484,1.4,5.6,0.2,1.2,1.3,0.5,0.3,0.1,0.6,0.9,0,-43
"davis, anthony",nor,PF,61,35.4,0.493,0.758,35,0.324,0.6,24.3,2.1,8.1,10.3,1.9,1.3,2,2,2.4,1,-203
"davis, ed",por,PF,81,20.8,0.611,0.559,0,0,0,6.5,2.8,4.6,7.4,1.1,0.7,0.9,0.8,2.5,2,18
"dawson, branden",lac,SF,6,4.7,0.4,1,0,0,0,0.8,0.3,0.3,0.7,0,0,0.2,0,0.3,0,-15
"dedmon, dewayne",orl,C,58,12.2,0.559,0.75,0,0,0,4.4,1.2,2.8,3.9,0.2,0.4,0.8,0.6,1.9,0,-36
"dejean-jones, bryce",nor,SG,11,24.6,0.403,0.524,11,0.367,1,6.9,0.7,3.3,4,1.4,0.9,0.2,1,1.5,0,-40
"dekker, sam",hou,SF,3,2.3,0,0,0,0,0,0,0,0.3,0.3,0,0.3,0,0,0,0,-2
"dellavedova, matt",cle,PG,76,24.6,0.405,0.864,98,0.41,1.3,7.5,0.4,1.7,2.1,4.4,0.6,0.1,1.5,2.3,0,378
"deng, luol",mia,SF,74,32.4,0.454,0.755,88,0.344,1.2,12.3,1.5,4.5,6,1.9,1,0.4,1.1,1.6,2,39
"derozan, demar",tor,SG,78,35.9,0.446,0.85,47,0.338,0.6,23.5,0.8,3.7,4.5,4,1.1,0.3,2.2,2.1,2,170
"diaw, boris",san,C,76,18.2,0.527,0.737,25,0.362,0.3,6.4,0.8,2.3,3.1,2.3,0.3,0.3,1.3,1.3,0,302
"dieng, gorgui",min,C,82,27.1,0.533,0.827,6,0.3,0.1,10.1,1.9,5.2,7.1,1.7,1.1,1.2,1.7,2.7,1,-4
"dinwiddie, spencer",det,PG,12,13.3,0.358,0.576,1,0.1,0.1,4.8,0.3,1.1,1.4,1.8,0.3,0,0.6,1.7,0,-56
"douglas, toney",nor,PG,61,20.7,0.413,0.848,81,0.399,1.3,8.7,0.4,1.9,2.3,2.5,1.1,0.1,1,2.1,1,-139
"dragic, goran",mia,SG,72,32.8,0.477,0.727,64,0.312,0.9,14.1,0.8,3.1,3.8,5.8,1,0.2,2.6,2.6,1,222
"drummond, andre",det,C,81,32.9,0.52,0.355,2,0.333,0,16.2,4.9,9.9,14.8,0.8,1.5,1.4,1.9,3,7,127
"dudley, jared",was,SG,81,25.9,0.478,0.735,100,0.418,1.2,7.9,0.7,2.9,3.5,2.1,0.9,0.2,1,2.3,1,61
"dukan, duje",sac,PF,1,24,0.2,0,2,0.4,2,6,2,2,4,1,1,0,0,2,0,-8
"duncan, tim",san,PF,61,25.2,0.486,0.702,0,0,0,8.6,1.9,5.4,7.3,2.7,0.8,1.3,1.5,2,0,429
"dunleavy, mike",chi,SG,31,22.6,0.41,0.784,39,0.394,1.3,7.2,0.3,2.4,2.7,1.3,0.5,0.3,0.8,2.1,0,-66
"durant, kevin",okl,SF,72,35.8,0.505,0.898,186,0.388,2.6,28.2,0.6,7.6,8.2,5,0.9,1.2,3.5,1.9,6,644
"early, cleanthony",nyk,SF,17,9.1,0.3,0.75,4,0.267,0.2,1.8,0.2,1.3,1.5,0.4,0.1,0.2,0.5,0.9,0,0
"eddie, jarell",was,SG,26,5.7,0.308,1,15,0.319,0.6,2.4,0.1,0.8,0.9,0.2,0.2,0,0,0.2,0,-33
"ellington, wayne",bro,SG,76,21.2,0.389,0.857,96,0.358,1.3,7.7,0.3,2,2.3,1.1,0.6,0.1,0.6,1.1,0,-318
"ellis, monta",ind,PG,81,33.7,0.427,0.786,87,0.31,1.1,13.8,0.5,2.8,3.4,4.7,1.8,0.5,2.5,2.1,1,108
"ennis, james",nor,SF,22,15,0.478,0.735,26,0.448,1.2,7.2,1,1,1.9,1,0.7,0.2,0.9,1.3,0,-55
"ennis, tyler",mil,PG,46,14.3,0.449,0.735,13,0.333,0.3,4.5,0.3,1.3,1.6,2.1,0.5,0,1,1.4,0,-71
"evans, jeremy",dal,SF,30,8.4,0.542,0.714,4,0.25,0.1,2.4,0.4,1.4,1.8,0.1,0.2,0.3,0.2,0.6,0,-42
"evans, tyreke",nor,SG,25,30.6,0.435,0.796,33,0.388,1.3,15.2,0.8,4.4,5.2,6.6,1.3,0.3,2.9,2.6,2,-16
"ezeli, festus",gsw,C,46,16.7,0.548,0.53,0,0,0,7,2,3.6,5.7,0.7,0.4,1.1,0.8,2,0,202
"faried, kenneth",den,PF,67,25.3,0.558,0.613,1,0.5,0,12.5,3.5,5.2,8.7,1.2,0.5,0.9,1.4,2.5,4,-111
"farmar, jordan",mem,PG,12,24.3,0.42,1,16,0.356,1.3,9.2,0.3,1.8,2.1,3.1,1.3,0.2,1.5,1.8,0,-64
"favors, derrick",uta,PF,62,32,0.515,0.709,0,0,0,16.4,2.7,5.4,8.1,1.5,1.2,1.5,1.7,2.4,1,86
"felicio, cristian",chi,PF,31,10.3,0.556,0.714,0,0,0,3.4,1,2.3,3.3,0.8,0.2,0.4,0.4,1,0,53
"felton, raymond",dal,PG,80,27.4,0.406,0.847,60,0.282,0.8,9.5,0.5,2.8,3.2,3.6,0.9,0.2,1.5,1.8,3,-67
"fournier, evan",orl,SF,79,32.5,0.462,0.836,156,0.401,2,15.4,0.4,2.4,2.8,2.7,1.2,0,1.7,2.7,1,-191
"foye, randy",okc,SG,81,20.2,0.349,0.824,75,0.3,0.9,5.8,0.3,1.6,1.9,2,0.5,0.4,1.1,1.6,0,26
"frazier, tim",nor,PG,50,14.4,0.409,0.708,16,0.348,0.3,4.9,0.5,1.6,2.1,3.1,0.6,0,1.3,1.4,0,-47
"fredette, jimmer",nyk,PG,6,2.8,0.4,0.8,1,0.5,0.2,1.5,0,0,0,0,0.2,0,0.3,0.3,0,-25
"frye, channing",cle,PF,70,17.1,0.435,0.857,91,0.384,1.3,6,0.5,2.8,3.3,1,0.4,0.4,0.6,1.8,3,103
"gallinari, danilo",den,SF,53,34.7,0.41,0.868,87,0.361,1.6,19.5,1,4.3,5.3,2.5,0.8,0.4,1.5,1.6,1,-104
"galloway, langston",nyk,PG,82,24.8,0.393,0.754,77,0.344,0.9,7.6,0.5,3,3.5,2.5,0.9,0.3,0.7,2.2,0,-103
"garnett, kevin",min,PF,39,14.3,0.47,0.667,0,0,0,3.1,0.4,3.5,3.8,1.6,0.7,0.3,0.4,1.8,6,55
"gasol, marc",mem,C,52,34.5,0.464,0.829,2,0.667,0,16.6,1.1,5.8,7,3.8,1,1.3,2.3,2.7,4,9
"gasol, pau",chi,PF,72,31.9,0.469,0.792,24,0.348,0.3,16.5,2.2,8.8,11,4.1,0.6,2,2.3,2.1,0,-3
"gay, rudy",sac,SF,70,34,0.463,0.78,74,0.344,1.1,17.2,1.5,5,6.5,1.7,1.4,0.7,2,2.6,1,-82
"gee, alonzo",nor,SF,73,22.4,0.516,0.667,17,0.279,0.2,4.4,0.8,2.5,3.4,1,0.9,0.2,0.8,2.3,1,-199
"george, paul",ind,SF,81,34.9,0.418,0.86,210,0.372,2.6,23.1,1,6,7,4.1,1.9,0.4,3.3,2.8,6,182
"gibson, taj",chi,PF,73,26.5,0.525,0.692,0,0,0,8.6,2.8,4.1,6.9,1.5,0.6,1.1,1.1,2.5,2,-155
"ginobili, manu",san,SG,58,19.6,0.453,0.813,70,0.391,1.2,9.6,0.4,2.1,2.5,3.1,1.1,0.2,1.7,1.7,0,332
"gobert, rudy",uta,C,61,31.6,0.559,0.569,0,0,0,9.1,3.4,7.5,11,1.5,0.7,2.1,1.9,2.7,4,149
"gooden, drew",was,PF,30,10.1,0.32,0.643,7,0.171,0.2,2.7,0.9,1.9,2.8,0.4,0.3,0.4,0.4,1.3,0,-83
"goodwin, archie",pho,SG,57,19.5,0.417,0.674,23,0.232,0.4,8.9,0.5,2,2.5,2.1,0.5,0.2,1.8,1.5,2,-209
"gordon, aaron",orl,PF,78,23.9,0.472,0.668,42,0.298,0.5,9.2,2,4.5,6.5,1.6,0.8,0.7,0.8,2,0,-74
"gordon, eric",nor,SG,45,32.9,0.419,0.888,113,0.386,2.5,15.2,0.2,2,2.2,2.7,1,0.3,1.6,2.2,0,-71
"gortat, marcin",was,C,75,30.1,0.567,0.705,0,0,0,13.5,2.9,6.9,9.9,1.4,0.6,1.3,1.6,2.6,3,62
"goudelock, andrew",hou,PG,8,6.4,0.45,0.75,1,0.111,0.1,2.8,0.1,0.1,0.3,0.5,0.8,0.3,0.9,0.5,0,10
"grant, jerami",phi,SF,77,26.9,0.419,0.658,35,0.24,0.5,9.7,1.3,3.4,4.7,1.7,0.7,1.6,1.4,2.8,2,-489
"grant, jerian",nyk,PG,76,16.3,0.387,0.777,22,0.222,0.3,5.4,0.3,1.5,1.8,2.3,0.6,0.1,1.1,1.3,0,-182
"green, danny",san,SG,79,26.1,0.376,0.739,116,0.332,1.5,7.2,0.6,3.2,3.8,1.8,1,0.8,0.9,1.8,0,508
"green, draymond",gsw,SF,81,34.7,0.49,0.696,100,0.388,1.2,14,1.6,7.8,9.4,7.4,1.5,1.4,3.2,3,11,1055
"green, erick",uta,PG,9,4.7,0.385,1,1,0.2,0.1,1.4,0.3,0.3,0.7,0.3,0.1,0,0,0.4,0,-1
"green, gerald",mia,SG,69,22.6,0.392,0.774,84,0.323,1.2,8.9,0.4,2,2.4,0.8,0.5,0.3,0.7,1.8,2,46
"green, jamychal",mem,PF,78,18.5,0.465,0.752,15,0.333,0.2,7.4,1.8,3,4.8,0.9,0.6,0.4,1.1,2.4,4,-44
"green, jeff",lac,SF,80,28.2,0.43,0.745,67,0.315,0.8,11.7,0.9,3.2,4.2,1.7,0.7,0.5,1.2,2.1,0,-36
"griffin, blake",lac,PF,35,33.5,0.498,0.727,6,0.333,0.2,21.4,1.5,6.9,8.4,4.9,0.8,0.5,2.4,2.7,7,181
"gutierrez, jorge",cha,PG,12,5.3,0.545,0.909,0,0,0,1.8,0,0.6,0.6,1.4,0.3,0,0.5,0.3,0,8
"hairston, p.j.",mem,PF,66,19.9,0.355,0.781,70,0.29,1.1,6.2,0.4,2.3,2.6,0.6,0.5,0.2,0.6,2.1,1,-192
"hamilton, jordan",nor,SG,11,27.7,0.422,0.667,13,0.289,1.2,11.4,1.1,4.5,5.6,2.3,0.7,0.3,1.5,2.2,0,-67
"hansbrough, tyler",cha,PF,44,7.9,0.451,0.585,2,0.667,0,2.4,0.9,1.1,2,0.2,0.3,0.2,0.3,1.3,0,-35
"hardaway, timjr",atl,SG,51,16.9,0.432,0.893,48,0.34,0.9,6.4,0.1,1.5,1.7,1,0.4,0.1,0.5,0.9,0,101
"harden, james",hou,SG,82,38.1,0.439,0.86,236,0.36,2.9,29,0.8,5.4,6.1,7.5,1.7,0.6,4.6,2.8,2,129
"harkless, maurice",por,SF,78,18.6,0.474,0.622,39,0.279,0.5,6.4,1.3,2.3,3.6,0.9,0.6,0.4,0.8,1.6,1,36
"harper, justin",det,PF,5,7,0.4,0.5,4,0.444,0.8,2.6,0,0.2,0.2,0,0.2,0,0.4,0.6,0,-32
"harrell, montrez",hou,PF,39,9.7,0.644,0.522,0,0,0,3.6,0.7,1,1.7,0.4,0.3,0.3,0.4,1.2,3,38
"harris, devin",dal,PG,64,20,0.447,0.721,52,0.329,0.8,7.6,0.3,1.9,2.2,1.8,0.9,0.2,1,1.9,0,-93
"harris, gary",den,SG,76,32.1,0.469,0.82,105,0.354,1.4,12.3,0.7,2.2,2.9,1.9,1.3,0.2,1.3,1.9,0,-209
"harris, joe",cle,SG,5,3,0.25,0,1,0.25,0.2,0.6,0,0.6,0.6,0.4,0,0,0.2,0.2,0,-21
"harris, tobias",det,SF,76,33.1,0.469,0.831,80,0.336,1.1,14.7,1.3,5.4,6.7,2.2,0.9,0.5,1.4,2,1,19
"harrison, aaron",cha,SG,21,4.6,0.263,0.417,3,0.3,0.1,0.9,0.2,0.5,0.7,0.1,0.3,0,0.2,0.5,0,-7
"haslem, udonis",mia,PF,37,7,0.377,0.75,1,0.111,0,1.6,0.3,1.8,2,0.4,0.1,0.1,0.1,0.7,0,-15
"hawes, spencer",cha,PF,57,18.1,0.405,0.831,38,0.373,0.7,6,0.9,3.4,4.3,1.9,0.4,0.5,1,1.9,3,44
"hayes, chuck",hou,PF,2,12,0.5,1,0,0,0,2,0,4,4,1,0,0,1.5,3,0,-3
"hayward, gordon",uta,SG,80,36.1,0.433,0.824,143,0.349,1.8,19.7,0.8,4.2,5,3.7,1.2,0.3,2.5,2.3,0,87
"henderson, gerald",por,SG,72,19.9,0.439,0.767,48,0.35,0.7,8.7,0.4,2.5,2.9,1,0.5,0.3,0.9,1.2,2,24
"henson, john",mil,PF,57,16.8,0.564,0.59,0,0,0,7,1.5,2.4,3.9,0.9,0.3,1.9,1.1,2.3,1,-144
"hezonja, mario",orl,SF,79,17.9,0.433,0.907,67,0.349,0.8,6.1,0.4,1.9,2.2,1.4,0.5,0.2,1.2,1.6,0,-2
"hibbert, roy",lal,C,81,23.2,0.443,0.807,0,0,0,5.9,1.6,3.3,4.9,1.2,0.4,1.4,0.9,3.1,2,-685
"hickson, j.j.",was,PF,35,12.5,0.516,0.447,0,0,0,5.9,1.1,2.7,3.8,0.7,0.4,0.4,0.7,1.3,1,-59
"hilario, nene",was,PF,57,19.2,0.544,0.578,0,0,0,9.2,0.9,3.6,4.5,1.7,0.9,0.5,1.3,2.7,2,32
"hill, george",ind,PG,74,34.1,0.441,0.76,128,0.408,1.7,12.1,0.8,3.2,4,3.5,1.1,0.2,1.4,2,2,93
"hill, jordan",ind,C,73,20.7,0.507,0.712,0,0,0,8.8,2.1,4,6.2,1.2,0.5,0.5,1.3,2.1,0,44
"hill, solomon",ind,SF,59,14.7,0.447,0.857,24,0.329,0.4,4.2,0.7,2.2,2.8,1,0.6,0.2,0.6,1.2,1,46
"hilliard, darrun",det,SG,38,10.2,0.394,0.725,19,0.38,0.5,4,0.1,1.1,1.2,0.7,0.2,0,0.5,0.7,0,-4
"hinrich, kirk",atl,SG,46,13.7,0.38,0.938,24,0.387,0.5,3,0.2,1.3,1.5,1.6,0.3,0,0.7,1.4,1,12
"holiday, jrue",nor,PG,65,28.1,0.439,0.843,87,0.336,1.3,16.8,0.4,2.6,3,6,1.4,0.3,2.6,2.3,1,26
"holiday, justin",chi,SG,53,14.5,0.386,0.73,36,0.343,0.7,4.5,0.2,1.5,1.7,1.1,0.6,0.4,0.7,1.2,0,-89
"hollins, ryan",mem,C,37,12.5,0.62,0.619,0,0,0,3.4,1.3,1.4,2.6,0.3,0.2,0.6,0.6,1.7,1,-146
"hollis-jefferson, rondae",bro,SF,29,21.2,0.457,0.712,4,0.286,0.1,5.8,1.3,4,5.3,1.5,1.3,0.6,0.9,2.1,0,-62
"holmes, richaun",phi,PF,51,13.8,0.514,0.689,8,0.182,0.2,5.6,1.2,1.4,2.6,0.6,0.4,0.8,0.6,1.8,0,-52
"hood, rodney",uta,SG,79,32.2,0.42,0.86,161,0.359,2,14.5,0.5,2.9,3.4,2.7,0.9,0.2,1.6,2.6,1,128
"horford, al",atl,PF,82,32.2,0.504,0.798,88,0.342,1.1,15.2,1.8,5.5,7.3,3.2,0.8,1.5,1.3,2,1,228
"howard, dwight",hou,C,71,32.1,0.619,0.489,0,0,0,13.7,3.4,8.4,11.8,1.4,1,1.6,2.3,3.1,12,20
"huertas, marcelo",lal,PG,53,16.3,0.422,0.931,16,0.262,0.3,4.5,0.3,1.4,1.7,3.4,0.5,0.1,1.5,1.4,0,21
"huestis, josh",okl,SF,5,11,0.417,0,4,0.667,0.8,2.8,0.4,1.6,2,0,0.2,0.4,0.6,0.6,0,2
"humphries, kris",atl,PF,53,15.8,0.41,0.798,34,0.315,0.6,6.5,1.1,3,4.1,0.7,0.3,0.5,0.7,1.8,0,-102
"hunter, r.j.",bos,SG,36,8.9,0.367,0.857,19,0.302,0.5,2.7,0.1,1,1,0.4,0.4,0.1,0.3,0.8,0,-28
"ibaka, serge",okl,PF,78,32.1,0.479,0.752,60,0.326,0.8,12.6,1.8,5,6.8,0.8,0.5,1.9,1.4,2.7,6,529
"iguodala, andre",gsw,SG,65,26.7,0.478,0.614,54,0.351,0.8,7,0.8,3.2,4,3.4,1.1,0.3,1.2,1.6,1,453
"ilyasova, ersan",orl,PF,74,25.4,0.424,0.721,96,0.372,1.3,10.4,1.9,3.5,5.4,0.9,0.7,0.4,1,2.3,0,-135
"ingles, joe",uta,SF,81,15.3,0.426,0.722,81,0.386,1,4.2,0.2,1.6,1.9,1.2,0.7,0,0.8,1.2,1,11
"inglis, damien",mil,SF,20,8,0.351,0.875,3,0.231,0.2,1.8,0.1,1.5,1.6,0.5,0.3,0.2,0.6,0.6,0,-44
"irving, kyrie",cle,PG,53,31.4,0.448,0.885,84,0.323,1.6,19.6,0.8,2.1,2.9,4.7,1.1,0.3,2.3,2,0,207
"jack, jarrett",bro,PG,32,32.1,0.391,0.893,31,0.304,1,12.8,0.3,4,4.2,7.4,1.1,0.2,2.9,2.4,4,-132
"jackson, reggie",det,PG,79,30.7,0.434,0.864,118,0.352,1.5,18.8,0.7,2.5,3.2,6.2,0.7,0.1,2.8,2.4,4,130
"james, lebron",cle,SF,76,35.7,0.52,0.731,87,0.309,1.1,25.3,1.5,6,7.4,6.7,1.4,0.6,3.3,1.9,3,618
"jefferson, al",cha,C,47,23.3,0.485,0.649,0,0,0,12,1.2,5.2,6.4,1.5,0.6,0.9,0.7,2.5,0,47
"jefferson, cory",pho,PF,8,6.5,0.409,0.667,0,0,0,2.8,0.8,1.3,2,0,0,0.1,0,1,0,-5
"jefferson, richar",cle,SF,74,17.9,0.458,0.667,66,0.382,0.9,5.5,0.2,1.5,1.7,0.8,0.4,0.2,0.6,1.7,1,-41
"jenkins, john",pho,SG,43,11,0.443,0.833,16,0.314,0.4,4.1,0.2,1.1,1.3,0.8,0.2,0,0.6,0.5,0,-66
"jennings, brandon",orl,PG,48,18.1,0.37,0.731,51,0.329,1.1,6.9,0.3,1.7,2,3.6,0.6,0.1,1.2,1.2,0,12
"jerebko, jonas",bos,PF,78,15.1,0.413,0.782,43,0.398,0.6,4.4,1,2.7,3.7,0.8,0.3,0.3,0.7,1.8,1,32
"johnson, amir",bos,PF,79,22.8,0.585,0.57,10,0.233,0.1,7.3,2.3,4.1,6.4,1.7,0.7,1.1,1.2,2.7,0,136
"johnson, chris",uta,SF,70,12.3,0.371,0.81,27,0.273,0.4,2.9,0.4,1.5,1.9,0.6,0.5,0.3,0.6,1.4,0,0
"johnson, james",tor,PF,57,16.2,0.475,0.574,20,0.303,0.4,5,0.5,1.7,2.2,1.2,0.5,0.6,0.9,1.5,0,2
"johnson, joe",mia,SF,81,33.4,0.439,0.831,120,0.383,1.5,12.2,0.6,3,3.6,3.9,0.8,0,2,1.8,1,-50
"johnson, orlando",nor,SG,7,14.6,0.257,0.75,2,0.182,0.3,3.7,0.6,1.6,2.1,0.3,0.4,0.4,0.6,1.3,0,-37
"johnson, stanley",det,SF,73,23.1,0.375,0.784,63,0.307,0.9,8.1,0.8,3.4,4.2,1.6,0.8,0.2,1.6,2.4,2,-140
"johnson, tyler",mia,SG,36,23.9,0.488,0.797,27,0.386,0.8,8.7,0.8,2.3,3.1,2.2,0.7,0.4,1.3,1.8,1,3
"johnson, wesley",lac,SG,80,20.8,0.404,0.652,103,0.333,1.3,6.9,0.5,2.6,3.1,0.6,1.1,0.7,0.7,2.2,0,135
"jokic, nikola",den,C,80,21.7,0.511,0.811,28,0.333,0.4,9.9,2.3,4.7,7,2.4,1,0.6,1.3,2.6,1,92
"jones, dahntay",cle,SG,1,42,0.429,0,1,0.5,1,13,1,4,5,2,1,2,0,6,0,-1
"jones, james",cle,SG,48,9.7,0.413,0.808,41,0.394,0.9,3.8,0.2,0.9,1,0.3,0.2,0.2,0.3,1,1,-24
"jones, terrence",hou,PF,50,20.9,0.452,0.664,25,0.316,0.5,8.7,1.2,3,4.2,0.8,0.5,0.8,1,1.7,3,-237
"jones, tyus",min,PG,37,15.6,0.359,0.718,16,0.302,0.4,4.2,0.2,1.1,1.3,2.9,0.8,0.1,0.9,0.9,0,-141
"jordan, deandre",lac,C,77,33.8,0.704,0.43,0,0,0,12.7,3.5,10.3,13.8,1.2,0.7,2.3,1.4,2.7,10,439
"joseph, cory",tor,PG,80,25.7,0.439,0.764,30,0.273,0.4,8.5,0.5,2.2,2.6,3.1,0.8,0.3,1.3,1.6,1,276
"kaman, chris",por,C,16,7.1,0.465,1,1,0.25,0.1,2.8,0.4,1.1,1.5,0.7,0.1,0.1,0.5,0.9,0,-31
"kaminsky, frank",cha,PF,81,21.1,0.41,0.73,68,0.337,0.8,7.5,0.9,3.3,4.1,1.2,0.5,0.5,0.7,1.6,0,-16
"kanter, enes",okl,C,82,21,0.576,0.797,10,0.476,0.1,12.7,3,5.1,8.1,0.4,0.3,0.4,1.4,2,2,124
"karasev, sergey",bro,SG,40,10.1,0.405,0.929,11,0.297,0.3,2.4,0.2,1.3,1.5,0.9,0.2,0.1,0.6,0.7,0,-6
"kaun, sasha",cle,C,24,4,0.529,0.455,0,0,0,1,0.5,0.6,1.1,0.1,0.2,0.2,0.3,0.5,0,-3
"kelly, ryan",lal,PF,36,13,0.369,0.685,5,0.135,0.1,4.2,0.6,2.8,3.4,0.6,0.4,0.3,0.5,1.1,0,-2
"kidd-gilchrist, michael",cha,SF,7,29.3,0.541,0.69,3,0.429,0.4,12.7,1.7,4.7,6.4,1.3,0.4,0.4,1.1,1.3,0,58
"kilpatrick, sean",bro,SG,30,20.5,0.456,0.896,39,0.342,1.3,11.5,0.4,1.5,1.9,1,0.4,0.1,1,1.2,0,-142
"knight, brandon",pho,PG,53,35.3,0.415,0.852,120,0.343,2.3,19.2,0.7,3.1,3.8,5,1.2,0.4,3.3,2.3,0,-208
"korver, kyle",atl,SG,80,30.1,0.436,0.833,158,0.397,2,9.2,0.2,3.1,3.2,2.1,0.8,0.4,1.2,2,0,426
"koufos, kosta",sac,C,78,19.1,0.53,0.548,0,0,0,6.8,2.2,3.3,5.4,0.4,0.5,0.9,0.6,2.4,2,-229
"lamb, jeremy",cha,SG,66,18.6,0.451,0.727,56,0.309,0.8,8.8,0.7,3.1,3.8,1.2,0.6,0.5,0.8,1.6,0,154
"landry, carl",phi,PF,36,15.8,0.556,0.736,6,0.462,0.2,9.8,1.4,2.7,4.1,0.9,0.3,0.3,0.6,1.9,0,-111
"larkin, shane",bro,PG,78,22.5,0.44,0.776,39,0.358,0.5,7.3,0.4,1.9,2.3,4.4,1.2,0.2,1.9,1.6,0,-349
"lauvergne, joffrey",den,PF,59,17.7,0.513,0.899,13,0.245,0.2,7.9,1.3,3.6,4.9,0.9,0.2,0.3,0.9,1.9,0,-223
"lavine, zach",min,PG,82,28,0.451,0.793,123,0.389,1.5,14,0.3,2.5,2.8,3.1,0.8,0.2,1.9,2.4,0,-295
"lawson, ty",ind,PG,66,21.4,0.393,0.686,36,0.333,0.5,5.7,0.4,1.4,1.8,3.6,0.8,0.1,1.4,1.3,0,-157
"lee, courtney",nor,SG,79,29.6,0.454,0.839,82,0.378,1,9.6,0.4,2.2,2.6,1.7,1.1,0.4,0.9,1.7,1,150
"lee, david",dal,PF,55,16.5,0.531,0.763,0,0,0,7.8,1.8,3.7,5.5,1.5,0.4,0.5,1.2,2.1,0,-82
"len, alex",pho,C,78,23.3,0.424,0.728,1,0.143,0,9,2.3,5.3,7.6,1.2,0.5,0.8,1.9,2.9,1,-289
"leonard, kawhi",san,SF,72,33.1,0.506,0.874,129,0.443,1.8,21.2,1.3,5.5,6.9,2.6,1.8,1,1.5,1.8,0,651
"leonard, meyers",por,C,61,21.8,0.447,0.761,86,0.377,1.4,8.3,0.8,4.3,5.1,1.5,0.1,0.3,1.3,3,2,107
"leuer, jon",pho,PF,67,18.8,0.481,0.762,42,0.382,0.6,8.5,1.1,4.4,5.6,1.1,0.6,0.4,1.1,1.9,0,-66
"lillard, damian",por,PG,75,35.6,0.419,0.892,229,0.375,3.1,25.1,0.6,3.4,4,6.8,0.9,0.4,3.2,2.2,1,78
"lin, jeremy",cha,PG,78,26.2,0.412,0.815,76,0.336,1,11.7,0.5,2.7,3.2,3,0.8,0.5,1.9,2.1,1,86
"livingston, shaun",gsw,PG,78,19.4,0.536,0.86,2,0.167,0,6.3,0.5,1.6,2.2,3.1,0.7,0.3,1,1.8,2,213
"looney, kevon",gsw,SF,5,4.2,0.571,0,1,0.5,0.2,1.8,0.8,1.2,2,0,0,0,0.2,0.4,0,-22
"lopez, brook",bro,C,73,33.7,0.511,0.787,2,0.143,0,20.6,2.8,5.1,7.9,2,0.8,1.7,2.4,2.9,0,-116
"lopez, robin",nyk,C,82,27,0.539,0.795,0,0,0,10.3,3.3,4.1,7.3,1.4,0.2,1.6,1.6,2.2,3,-95
"love, kevin",cle,PF,77,31.5,0.418,0.822,158,0.36,2.1,16,1.9,7.9,9.9,2.4,0.8,0.5,1.8,2.1,0,429
"lowry, kyle",tor,PG,77,37.1,0.427,0.811,212,0.388,2.8,21.2,0.7,4,4.7,6.4,2.1,0.4,2.9,2.7,9,372
"lyles, trey",uta,PF,80,17.3,0.438,0.695,49,0.386,0.6,6.1,0.7,3,3.7,0.8,0.3,0.2,0.8,1.4,0,-35
"mack, shelvin",uta,PG,52,20.5,0.439,0.738,39,0.315,0.8,8.6,0.3,2.2,2.5,3.6,0.7,0.1,1.8,1.4,0,93
"mahinmi, ian",ind,C,71,25.6,0.589,0.587,0,0,0,9.3,1.9,5.2,7.1,1.5,0.9,1.1,1.4,3.1,0,112
"marble, devyn",orl,SF,28,8.9,0.296,0.417,8,0.25,0.3,2.1,0.2,1.1,1.4,0.4,0.5,0,0.3,0.9,0,-13
"marjanovic, boban",san,C,54,9.4,0.603,0.763,0,0,0,5.5,1.4,2.2,3.6,0.4,0.2,0.4,0.5,1,1,58
"marshall, kendall",phi,PG,30,13.3,0.364,0.692,16,0.327,0.5,3.7,0.1,0.9,0.9,2.4,0.5,0.1,1.4,1,0,-114
"martin, jarell",mem,PF,27,14.1,0.466,0.726,0,0,0,5.7,1.4,1.7,3.2,0.6,0.3,0.3,0.7,2.1,0,-39
"martin, kevin",san,SG,55,19.9,0.372,0.89,49,0.363,0.9,9.3,0.3,1.7,2,1.1,0.5,0.1,1,1.5,0,-113
"matthews, wesley",dal,SG,78,33.9,0.388,0.863,189,0.36,2.4,12.5,0.3,2.7,3.1,1.9,1,0.2,1,2.3,2,108
"mayo, o.j.",mil,SG,41,26.5,0.371,0.775,52,0.321,1.3,7.8,0.3,2.2,2.6,2.9,1.1,0.2,1.8,3.1,5,-42
"mbah_a_moute, luc",lac,SF,75,17,0.454,0.526,13,0.325,0.2,3.1,0.8,1.5,2.3,0.4,0.6,0.3,0.5,1.3,0,156
"mcadoo, james",gsw,SG,41,6.5,0.536,0.531,1,0.5,0,2.9,0.7,0.7,1.4,0.4,0.2,0.2,0.4,1,0,-85
"mccallum, ray",mem,PG,41,11.6,0.377,0.8,15,0.357,0.4,3.3,0.2,1,1.1,1.5,0.3,0.2,0.6,0.7,0,21
"mccollum, c.j.",por,SG,80,34.7,0.448,0.827,197,0.416,2.5,20.8,0.6,2.7,3.2,4.3,1.2,0.3,2.5,2.3,0,148
"mcconnell, t.j.",phi,PG,81,19.9,0.47,0.634,31,0.348,0.4,6.1,0.5,2.6,3.1,4.5,1.2,0.1,1.7,1.4,0,-288
"mccullough, chris",bro,PF,24,15.1,0.404,0.478,13,0.371,0.5,4.7,1,1.8,2.8,0.4,1.2,0.5,0.6,1.6,0,-120
"mcdaniels, k.j.",hou,SG,37,6.4,0.403,0.8,7,0.28,0.2,2.4,0.4,0.7,1.1,0.3,0.2,0.2,0.5,0.8,0,75
"mcdermott, doug",chi,SF,81,23,0.452,0.857,110,0.425,1.4,9.4,0.5,2,2.4,0.7,0.2,0.1,0.6,1.6,0,-66
"mcgary, mitch",okl,PF,20,3.7,0.478,0.4,0,0,0,1.3,0.2,0.7,0.9,0.2,0.1,0.1,0.4,0.5,0,-49
"mcgee, javale",dal,C,34,10.8,0.575,0.5,0,0,0,5.1,1.6,2.4,3.9,0.1,0.1,0.8,0.6,1.4,0,-56
"mclemore, ben",sac,SG,68,21.2,0.429,0.718,67,0.362,1,7.8,0.5,1.7,2.2,1.2,0.8,0.1,1.5,2.1,0,17
"mcrae, jordan",cle,SG,22,9,0.436,0.75,10,0.455,0.5,4.5,0.2,0.7,0.9,1.1,0.1,0,0.7,0.8,1,44
"mcroberts, josh",mia,PF,42,14.2,0.372,0.7,12,0.245,0.3,3.6,0.5,2,2.5,1.9,0.4,0.2,0.7,1.6,0,-9
"meeks, jodie",det,SG,3,14.7,0.35,1,4,0.444,1.3,7.3,0.3,1.3,1.7,1,0,0,0.3,0.7,0,9
"mejri, salah",dal,C,34,11.7,0.628,0.587,0,0,0,3.7,1.2,2.4,3.6,0.3,0.2,1,0.7,1.6,0,41
"mickey, jordan",bos,PF,16,3.7,0.364,0.5,0,0,0,1.3,0.4,0.4,0.8,0.1,0,0.7,0.1,0.3,0,6
"middleton, khris",mil,SF,79,36.1,0.443,0.888,143,0.395,1.8,18.2,0.6,3.2,3.8,4.2,1.7,0.2,2.3,2.6,5,-16
"miles, c.j.",ind,SG,64,22.9,0.409,0.75,142,0.367,2.2,11.8,0.4,2.3,2.7,1,0.8,0.5,1.1,2.2,0,3
"miller, andre",san,PG,39,11.8,0.557,0.75,2,0.25,0.1,3.7,0.3,1,1.3,2.2,0.4,0,0.9,1.2,1,32
"miller, mike",den,SF,47,8,0.355,0,19,0.365,0.4,1.3,0.1,1,1.1,0.9,0.3,0.1,0.4,1.1,1,-90
"mills, patty",san,PG,81,20.5,0.425,0.81,123,0.384,1.5,8.5,0.3,1.6,2,2.8,0.7,0.1,0.9,1.3,0,389
"millsap, elijah",uta,SG,20,8.7,0.282,0.722,1,0.083,0.1,1.8,0.3,1.5,1.8,1,0.4,0.2,0.5,1.7,0,17
"millsap, paul",atl,PF,81,32.6,0.47,0.757,74,0.319,0.9,17.1,2.4,6.6,9,3.3,1.8,1.7,2.4,2.9,4,222
"mirotic, nikola",chi,PF,66,25,0.407,0.807,135,0.39,2,11.8,0.9,4.6,5.5,1.5,0.9,0.7,1.5,2.3,1,42
"mohammed, nazr",okl,C,5,4,0.6,1,0,0,0,1.6,0.2,0.6,0.8,0,0,0,0.6,0.8,0,-3
"monroe, greg",mil,C,79,29.3,0.522,0.74,0,0,0,15.3,2.8,6.1,8.8,2.3,0.9,0.8,1.6,2.1,4,-100
"montero, luis",por,SG,12,3.6,0.263,0.75,1,0.111,0.1,1.2,0,0.3,0.3,0.1,0,0,0.3,0.1,0,-39
"moore, e'twaun",chi,SG,59,21.4,0.481,0.629,47,0.452,0.8,7.5,0.3,1.9,2.3,1.7,0.6,0.3,0.9,1.7,0,-37
"moreland, eric",sac,PF,9,5.2,0.5,0.5,0,0,0,0.9,0.3,0.9,1.2,0.1,0,0.4,0.3,0.4,0,5
"morris, marcus",det,SF,80,35.7,0.434,0.749,108,0.364,1.4,14.1,1.1,3.9,5.1,2.5,0.8,0.3,1.8,2.1,11,157
"morris, markieff",was,PF,64,25.5,0.425,0.735,47,0.303,0.7,12,1.1,4.4,5.5,1.9,0.9,0.5,2.1,2.9,5,-88
"morrow, anthony",okl,SG,68,13.7,0.408,0.744,79,0.385,1.2,5.6,0.1,0.8,0.9,0.4,0.3,0.1,0.3,0.9,1,110
"motiejunas, dona",hou,PF,37,14.8,0.439,0.642,16,0.281,0.4,6.2,1,1.9,2.9,1.1,0.5,0.1,1.2,1.9,0,48
"mozgov, timofey",cle,C,76,17.5,0.565,0.716,1,0.143,0,6.3,1.4,3,4.4,0.4,0.3,0.8,0.9,2.1,0,2
"mudiay, emmanuel",den,PG,68,30.4,0.364,0.67,74,0.319,1.1,12.8,0.5,2.9,3.4,5.5,1,0.5,3.2,2.1,0,-118
"muhammad, shabazz",min,SF,82,20.5,0.465,0.764,44,0.289,0.5,10.5,1.2,2,3.3,0.6,0.3,0.1,0.9,1.1,0,-273
"munford, xavier",mem,PG,14,17.6,0.416,0.5,9,0.391,0.6,5.7,0.2,2,2.2,1.6,0.9,0.2,1.1,1.8,0,-25
"muscala, mike",atl,PF,60,9.5,0.5,0.795,12,0.308,0.2,3.3,0.6,1.3,2,0.6,0.2,0.5,0.5,1.2,0,-33
"nance, larryjr",lal,PF,63,20.1,0.527,0.681,1,0.1,0,5.5,1.6,3.3,5,0.7,0.9,0.4,0.7,2,0,-96
"napier, shabazz",orl,PG,55,10.9,0.338,0.733,34,0.327,0.6,3.7,0.2,0.8,1,1.8,0.4,0,0.8,0.7,0,-53
"neal, gary",was,PG,40,20.2,0.466,0.855,41,0.414,1,9.8,0.3,1.8,2.1,1.2,0.5,0,0.8,1.4,0,-162
"nelson, jameer",den,PG,39,26.6,0.368,0.857,43,0.299,1.1,7.7,0.5,2.5,2.9,4.9,0.6,0.1,1.7,2.6,1,-133
"neto, raul",uta,PG,81,18.5,0.431,0.743,64,0.395,0.8,5.9,0.2,1.3,1.5,2.1,0.8,0,1.3,1.5,0,80
"nicholson, andrew",orl,PF,56,14.7,0.472,0.785,41,0.363,0.7,6.9,0.6,3,3.6,0.4,0.2,0.4,0.7,1.2,0,34
"noah, joakim",chi,C,29,21.9,0.383,0.489,0,0,0,4.3,3,5.8,8.8,3.8,0.6,1,1.8,2.7,1,-33
"noel, nerlens",phi,C,67,29.3,0.521,0.59,1,0.5,0,11.1,2.3,5.8,8.1,1.8,1.8,1.5,2.4,2.9,1,-458
"nogueira, lucas",tor,C,29,7.8,0.636,0.533,1,0.333,0,2.2,0.6,1,1.6,0.2,0.4,0.4,0.4,1,0,24
"novak, steve",mil,SF,10,4.3,0.444,1,7,0.467,0.7,2.4,0,0.5,0.5,0,0,0,0.1,0.3,0,7
"nowitzki, dirk",dal,PF,75,31.5,0.448,0.893,126,0.368,1.7,18.3,0.7,5.8,6.5,1.8,0.7,0.7,1.1,2.1,3,260
"nurkic, jusuf",den,C,32,17.1,0.417,0.616,0,0,0,8.2,2,3.4,5.4,1.3,0.8,1.4,1.7,2.8,2,-7
"o'brien, j.j.",uta,SF,1,2,0,0,0,0,0,0,0,0,0,0,0,0,0,0,0,-4
"o'bryant, johnny",mil,PF,66,13,0.411,0.675,1,1,0,3,1,1.7,2.7,0.5,0.3,0.1,0.5,1.5,0,-130
"o'quinn, kyle",nyk,PF,65,11.7,0.476,0.767,5,0.227,0.1,4.8,1.2,2.7,3.8,1.1,0.3,0.8,0.9,1.6,1,-63
"okafor, jahlil",phi,C,53,30.1,0.508,0.686,1,0.167,0,17.5,2.3,4.7,7,1.2,0.4,1.2,2.3,2.6,0,-498
"oladipo, victor",orl,SG,72,33.1,0.439,0.83,98,0.35,1.4,16,0.7,4.2,4.8,3.9,1.6,0.8,2.1,2.4,1,-23
"olynyk, kelly",bos,C,69,20.2,0.455,0.75,85,0.405,1.2,10,1,3,4.1,1.5,0.8,0.5,1.1,2.4,1,225
"oubre, kelly",was,PF,63,10.7,0.427,0.633,25,0.316,0.4,3.7,0.4,1.7,2.1,0.2,0.3,0.1,0.5,1.6,0,-44
"pachulia, zaza",dal,C,76,26.4,0.466,0.768,0,0,0,8.6,3.3,6.2,9.4,1.7,0.8,0.3,1.6,2.4,7,3
"papanikolaou, kostas",den,SF,26,11.3,0.364,0.643,10,0.313,0.4,2.6,0.3,1.2,1.5,0.6,0.5,0.2,0.8,0.9,0,-8
"parker, jabari",mil,SF,76,31.7,0.493,0.768,9,0.257,0.1,14.1,1.6,3.6,5.2,1.7,0.9,0.4,1.5,2,0,-185
"parker, tony",san,PG,72,27.5,0.493,0.76,27,0.422,0.4,11.9,0.2,2.2,2.5,5.3,0.8,0.2,1.8,1.6,1,414
"parsons, chandler",dal,SF,61,29.5,0.492,0.684,104,0.416,1.7,13.7,0.5,4.2,4.7,2.8,0.8,0.3,1.6,1.9,1,-1
"patterson, lamar",atl,SG,35,11.4,0.35,0.727,12,0.245,0.3,2.4,0.1,1.3,1.4,1.1,0.3,0.1,0.7,1.3,0,32
"patterson, patrick",tor,PF,79,25.5,0.414,0.853,106,0.362,1.3,6.9,1,3.3,4.3,1.2,0.7,0.4,0.8,1.6,1,397
"paul, chris",lac,PG,74,32.8,0.462,0.896,122,0.371,1.6,19.5,0.5,3.7,4.2,10,2,0.2,2.6,2.5,7,554
"payne, adreian",min,PF,52,9.3,0.366,0.654,9,0.281,0.2,2.5,0.4,1.8,2.2,0.6,0.3,0.2,0.7,1.5,1,-122
"payne, cameron",okl,PG,57,12.3,0.41,0.792,36,0.324,0.6,5,0.2,1.3,1.5,1.9,0.6,0.1,0.8,1.4,0,-29
"payton, elfrid",orl,PG,73,29.4,0.436,0.589,30,0.326,0.4,10.7,1.1,2.5,3.6,6.4,1.2,0.3,2.4,2.2,2,-69
"pekovic, nikola",min,C,12,13,0.38,0.8,0,0,0,4.5,0.6,1.2,1.8,0.9,0.1,0,0.8,1.8,0,-63
"perkins, kendrick",nor,C,38,14.3,0.533,0.44,0,0,0,2.4,0.7,2.7,3.4,0.8,0.3,0.3,1.1,1.7,1,-82
"pierce, paul",lac,SF,68,18.2,0.363,0.818,75,0.31,1.1,6.1,0.2,2.6,2.7,1,0.5,0.3,0.9,1.9,1,57
"pleiss, tibor",uta,C,12,6.9,0.44,1,0,0,0,2,0.5,0.8,1.3,0.2,0.1,0.2,0.7,1.6,0,-15
"plumlee, mason",por,PF,82,25.5,0.516,0.642,0,0,0,9.1,2.5,5.2,7.7,2.8,0.8,1,1.9,3.1,1,31
"plumlee, miles",mil,C,61,14.2,0.601,0.576,0,0,0,5.1,1.6,2.2,3.8,0.3,0.3,0.8,0.7,1.2,1,-95
"porter, otto",was,SF,75,30.3,0.472,0.754,98,0.367,1.3,11.6,1.3,3.9,5.2,1.6,1.4,0.4,0.9,2.2,0,46
"portis, bobby",chi,PF,62,17.8,0.428,0.727,16,0.308,0.3,7,2,3.5,5.4,0.8,0.4,0.4,0.9,1.6,1,-178
"porzingis, kristaps",nyk,PF,72,28.5,0.421,0.838,81,0.333,1.1,14.3,1.8,5.5,7.3,1.3,0.7,1.9,1.7,2.8,1,10
"powell, dwight",dal,PF,68,14.6,0.493,0.739,2,0.125,0,5.9,1.2,2.8,4,0.6,0.5,0.4,0.6,1.7,0,-81
"powell, norman",tor,SG,49,14.9,0.424,0.811,36,0.409,0.7,5.6,0.3,1.9,2.3,1,0.6,0.2,0.7,1.2,0,67
"pressey, phil",pho,SG,22,12.7,0.39,0.52,4,0.235,0.2,3.5,0.1,1.2,1.3,3.3,0.8,0.2,1.5,1.3,0,-41
"price, ronnie",pho,PG,62,19.5,0.384,0.756,68,0.349,1.1,5.3,0.4,1.2,1.6,2.4,1.2,0.2,1.1,2.6,0,-72
"prigioni, pablo",lac,PG,59,13.8,0.374,0.875,28,0.295,0.5,2.5,0.6,1.3,1.9,2.2,0.9,0,0.8,1.4,0,-57
"prince, tayshaun",min,SF,77,19,0.445,0.684,4,0.174,0.1,2.9,0.4,1.5,1.9,0.9,0.5,0.2,0.4,0.8,0,-124
"randle, julius",lal,PF,81,28.2,0.429,0.715,10,0.278,0.1,11.3,2.1,8.1,10.2,1.8,0.7,0.4,1.8,3,0,-681
"randolph, zach",mem,PF,68,29.7,0.475,0.796,6,0.231,0.1,15.3,2.6,5.1,7.8,2.1,0.6,0.2,1.5,2.1,0,-16
"redick, j.j.",lac,SG,75,28,0.48,0.888,200,0.476,2.7,16.3,0.1,1.7,1.9,1.4,0.6,0.1,1.1,1.8,1,511
"reed, willie",bro,PF,39,10.9,0.571,0.545,0,0,0,4.7,1.3,1.9,3.1,0.3,0.2,0.8,0.4,1.2,0,-81
"richardson, josh",mia,SG,52,21.3,0.452,0.667,53,0.461,1,6.6,0.4,1.7,2.1,1.4,0.7,0.5,0.7,2.1,0,36
"rivers, austin",lac,SG,67,21.9,0.438,0.681,62,0.335,0.9,8.9,0.3,1.6,1.9,1.5,0.7,0.1,0.9,2,2,-165
"roberson, andre",okl,SG,70,22.2,0.496,0.611,32,0.311,0.5,4.8,1.1,2.5,3.6,0.7,0.8,0.6,0.5,1.9,1,261
"roberts, brian",por,PG,51,9.3,0.448,0.894,15,0.357,0.3,4,0.1,0.7,0.8,1.1,0.2,0,0.5,0.7,0,-64
"robinson, glenn",ind,SF,45,11.4,0.43,0.692,14,0.378,0.3,3.8,0.3,1.2,1.5,0.6,0.4,0.2,0.4,0.5,0,-37
"robinson, nate",nor,PG,2,11.5,0,0,0,0,0,0,0,0,0,2,0.5,0,0,2.5,0,-20
"robinson, thomas",bro,PF,71,12.9,0.447,0.431,0,0,0,4.3,1.9,3.1,5.1,0.6,0.5,0.5,1,1.6,1,-274
"rondo, rajon",sac,PG,72,35.2,0.454,0.58,62,0.365,0.9,11.9,1.1,5,6.1,11.6,2,0.1,3.9,2.4,3,-148
"rose, derrick",chi,PG,66,31.7,0.427,0.793,44,0.293,0.7,16.4,0.7,2.7,3.4,4.7,0.7,0.2,2.7,1.3,4,-166
"ross, terrence",tor,SF,73,24,0.431,0.79,131,0.388,1.8,9.9,0.3,2.2,2.5,0.8,0.7,0.3,0.6,1.6,0,242
"rozier, terry",bos,PG,39,7.9,0.274,0.8,6,0.222,0.2,1.8,0.6,1,1.6,0.9,0.2,0,0.5,0.6,0,-41
"rubio, ricky",min,PG,76,30.6,0.374,0.847,62,0.326,0.8,10.1,0.5,3.8,4.3,8.6,2.1,0.1,2.6,2.6,0,19
"rudez, damjan",min,SF,33,8.4,0.403,1,17,0.34,0.5,2.3,0.2,0.5,0.6,0.3,0.1,0,0.4,1,0,-24
"rush, brandon",gsw,SG,72,14.6,0.427,0.643,65,0.414,0.9,4.2,0.3,2.2,2.5,0.8,0.3,0.3,0.5,0.8,0,-48
"russell, d'angelo",lal,PG,80,28.2,0.41,0.737,130,0.354,1.6,13.2,0.6,2.8,3.4,3.3,1.2,0.2,2.5,1.8,1,-547
"sacre, robert",lal,C,25,12.8,0.413,0.658,0,0,0,3.5,1.3,1.6,2.9,0.6,0.2,0.4,0.5,1.7,0,-33
"sampson, jakarr",den,SG,73,16,0.44,0.656,14,0.222,0.2,5.1,0.6,2,2.6,0.6,0.3,0.5,1,1.9,2,-238
"schroder, dennis",atl,PG,80,20.2,0.421,0.791,77,0.322,1,11,0.3,2.3,2.6,4.4,0.9,0.1,2.3,1.7,0,226
"scola, luis",tor,PF,76,21.5,0.45,0.726,65,0.404,0.9,8.7,1.1,3.6,4.7,0.9,0.6,0.4,0.9,2.3,0,-24
"scott, mike",atl,PF,75,15.4,0.468,0.794,62,0.392,0.8,6.2,0.7,2,2.7,1,0.3,0.2,0.6,1.4,0,109
"sefolosha, thabo",atl,SG,75,23.3,0.503,0.626,42,0.336,0.6,6.4,0.7,3.7,4.4,1.4,1.1,0.5,0.9,1.5,0,-23
"seraphin, kevin",nyk,PF,48,11,0.41,0.826,0,0,0,3.9,0.6,2,2.6,1,0.2,0.8,0.9,1.4,0,-87
"sessions, ramon",was,PG,82,20.3,0.473,0.756,36,0.324,0.4,9.9,0.3,2.2,2.5,2.9,0.6,0.1,1.4,1.2,0,-53
"shumpert, iman",cle,SG,54,24.4,0.374,0.784,43,0.295,0.8,5.8,0.6,3.2,3.8,1.7,1,0.4,1,2.2,1,182
"simmons, jonathon",san,SG,55,14.7,0.506,0.75,18,0.383,0.3,6,0.3,1.4,1.7,1.1,0.4,0.1,1,1.9,0,104
"sims, henry",bro,C,14,18.8,0.429,0.833,0,0,0,6.5,1.5,3.6,5.1,0.6,0.6,0.9,0.9,2.6,0,-95
"singler, kyle",okl,SF,68,14.5,0.389,0.659,30,0.309,0.4,3.4,0.7,1.3,2.1,0.4,0.4,0.1,0.5,1.8,0,-22
"sloan, donald",bro,PG,61,21.6,0.44,0.75,38,0.384,0.6,7,0.3,2.6,2.8,4.4,0.5,0.1,1.3,1.2,0,-113
"smart, marcus",bos,PG,61,27.3,0.348,0.777,61,0.253,1,9.1,1.2,2.9,4.2,3,1.5,0.3,1.3,3,2,78
"smith, greg",min,PF,18,10.8,0.563,0.412,0,0,0,2.4,0.7,1.7,2.3,0.3,0.2,0.1,0.4,1.6,0,-81
"smith, ish",phi,PG,77,29.1,0.411,0.693,56,0.329,0.7,12.6,0.6,3.4,4,6.5,1.1,0.3,2.3,1.7,0,-341
"smith, j.r.",cle,SG,77,30.7,0.416,0.634,204,0.4,2.6,12.4,0.6,2.3,2.8,1.7,1.1,0.3,0.8,2.6,3,315
"smith, jason",orl,PF,76,15.5,0.485,0.806,4,0.25,0.1,7.2,0.7,2.2,2.9,0.8,0.4,0.9,0.8,2.1,1,-37
"smith, josh",hou,SF,55,16,0.364,0.552,41,0.287,0.7,6,0.9,2.6,3.5,1.6,0.6,0.9,1.4,2.1,1,-84
"smith, russ",mem,PG,15,4.3,0.318,0.615,1,0.2,0.1,1.5,0.1,0.5,0.6,0.7,0.3,0.1,0.5,0.3,0,-41
"snell, tony",chi,SF,64,20.3,0.372,0.909,56,0.361,0.9,5.3,0.3,2.8,3.1,1,0.3,0.3,0.8,1.6,0,96
"speights, marreese",gsw,C,72,11.6,0.432,0.825,24,0.387,0.3,7.1,1.1,2.3,3.3,0.8,0.3,0.5,0.9,1.6,2,12
"splitter, tiago",atl,PF,36,16.1,0.523,0.813,0,0,0,5.6,1.3,2.1,3.4,0.8,0.6,0.3,0.7,2,0,102
"stauskas, nik",phi,SG,73,24.6,0.387,0.771,106,0.327,1.5,8.5,0.3,2.2,2.5,1.9,0.6,0.3,1.3,1.5,0,-389
"stephenson, lance",mem,SF,69,19.9,0.481,0.784,30,0.385,0.4,8.3,0.6,2.7,3.2,1.9,0.6,0.1,1.4,2,2,-64
"stepheson, alex",mem,SF,8,9,0.333,0.333,0,0,0,2.8,2.4,1.1,3.5,0.3,0.1,0.6,0,1.5,0,-2
"stokes, jarnell",nor,C,7,2.6,0.6,0.5,0,0,0,1,0.1,0.4,0.6,0.1,0.1,0,0,0.1,0,9
"stoudemire, amare",mia,PF,52,14.7,0.566,0.746,0,0,0,5.8,1.3,3,4.3,0.5,0.4,0.8,0.9,1.8,2,12
"stuckey, rodney",ind,PG,58,22,0.412,0.829,20,0.241,0.3,8.9,0.3,2.4,2.7,2.4,0.7,0.1,1.3,1.3,1,9
"sullinger, jared",bos,PF,81,23.7,0.435,0.64,29,0.279,0.4,10.3,2.4,5.9,8.3,2.3,0.9,0.6,1.3,2.6,2,202
"tavares, walter",atl,C,11,6.3,0.579,0.375,0,0,0,2.3,0.6,1.3,1.9,0.3,0.1,0.5,0.5,0.7,0,-8
"teague, jeff",atl,PG,79,28.5,0.44,0.837,110,0.401,1.4,15.7,0.4,2.3,2.7,5.9,1.2,0.3,2.8,2.1,0,71
"teletovic, mirza",pho,PF,79,21.3,0.427,0.774,181,0.393,2.3,12.2,0.7,3.1,3.8,1.1,0.4,0.3,1.1,2,1,-168
"temple, garrett",was,SG,80,24.4,0.398,0.728,89,0.346,1.1,7.3,0.5,2.2,2.7,1.8,0.9,0.2,0.8,2.4,0,-37
"terry, jason",hou,SG,72,17.5,0.402,0.818,93,0.356,1.3,5.9,0.2,0.9,1.1,1.4,0.7,0.1,0.7,1.3,1,35
"thomas, isaiah",bos,PG,82,32.3,0.428,0.871,167,0.359,2,22.2,0.6,2.4,3,6.2,1.1,0.1,2.7,2,9,292
"thomas, lance",nyk,SF,59,22.4,0.442,0.857,44,0.404,0.7,8.2,0.6,1.6,2.2,0.9,0.4,0.1,1,1.8,0,-40
"thompson, hollis",phi,SG,77,28,0.396,0.719,149,0.379,1.9,9.8,0.7,2.8,3.6,1.3,0.5,0.3,1,2.4,0,-363
"thompson, jason",tor,C,47,10,0.481,0.704,5,0.333,0.1,3.1,0.7,2.1,2.8,0.6,0.3,0.4,0.3,1.7,1,-6
"thompson, klay",gsw,SG,80,33.3,0.47,0.873,276,0.426,3.5,22.1,0.4,3.4,3.8,2.1,0.8,0.6,1.7,1.9,0,815
"thompson, tristan",cle,C,82,27.7,0.588,0.616,0,0,0,7.8,3.3,5.7,9,0.8,0.5,0.6,0.7,2.5,1,361
"thornton, marcus",was,SG,61,18.2,0.399,0.848,91,0.336,1.5,9.7,0.6,1.8,2.4,1.4,0.8,0.1,0.8,1.5,0,40
"tolliver, anthony",det,PF,72,18.6,0.384,0.617,98,0.36,1.4,5.3,0.5,2.6,3.2,0.7,0.4,0.2,0.4,1.2,0,9
"toupane, axel",den,SG,21,14.6,0.357,0.765,13,0.325,0.6,3.6,0.4,1.1,1.5,0.7,0.3,0.3,0.3,1.9,0,-17
"towns, karl-anthony",min,C,82,32,0.543,0.811,30,0.341,0.4,18.3,2.8,7.7,10.4,2,0.7,1.7,2.2,3,2,-130
"tucker, p.j.",pho,SF,82,31,0.411,0.746,68,0.33,0.8,8,2,4.2,6.2,2.2,1.3,0.2,1.4,2.5,4,-354
"turner, evan",bos,SG,81,28,0.456,0.827,20,0.241,0.2,10.5,0.6,4.3,4.9,4.4,1,0.3,2.1,1.7,2,89
"turner, myles",ind,PF,60,22.8,0.498,0.727,3,0.231,0.1,10.3,1.1,4.4,5.5,0.7,0.4,1.4,1.1,2.6,0,-69
"udrih, beno",mia,PG,44,16.1,0.437,0.9,15,0.341,0.3,4.7,0.2,1.5,1.6,2.6,0.3,0,1.2,1.2,0,-34
"valanciunas, jonas",tor,C,60,26,0.565,0.761,0,0,0,12.8,3.1,6.1,9.1,0.7,0.4,1.3,1.4,2.6,3,146
"varejao, anderson",gsw,C,53,9.3,0.427,0.64,0,0,0,2.6,0.7,2,2.7,0.7,0.3,0.2,0.4,1.3,1,21
"vasquez, greivis",mil,PG,23,20,0.321,0.846,17,0.236,0.7,5.5,0.2,1.8,2,4,0.4,0,1.7,1.8,0,-94
"vaughn, rashad",mil,SG,70,14.3,0.308,0.8,44,0.299,0.6,3.1,0.2,1.1,1.3,0.5,0.4,0.2,0.4,1,0,-139
"villanueva, charlie",dal,PF,62,10.8,0.381,0.917,47,0.272,0.8,5.1,0.4,2.1,2.5,0.4,0.3,0.2,0.5,1.1,2,-88
"vonleh, noah",por,PF,78,15,0.419,0.745,11,0.234,0.1,3.6,1.2,2.7,3.9,0.4,0.3,0.3,0.6,1.9,0,-60
"vucevic, nikola",orl,C,65,31.4,0.51,0.753,2,0.222,0,18.2,2.7,6.1,8.8,2.8,0.8,1.1,1.9,2.7,2,-45
"vujacic, sasha",nyk,SG,61,14.9,0.383,0.821,52,0.364,0.9,4.9,0.4,2,2.4,1.4,0.6,0.1,0.7,1.4,1,-42
"wade, dwyane",mia,SG,74,30.5,0.456,0.793,7,0.159,0.1,19,1.1,3,4.1,4.6,1.1,0.6,2.7,1.6,3,-6
"waiters, dion",okl,SG,78,27.7,0.4,0.713,86,0.357,1.1,9.8,0.5,2.1,2.6,2,1,0.2,1.5,1.8,4,212
"walker, kemba",cha,PG,81,35.6,0.426,0.847,182,0.371,2.2,20.9,0.7,3.7,4.4,5.2,1.6,0.5,2.1,1.4,5,238
"wall, john",was,PG,77,36.1,0.424,0.791,115,0.352,1.5,19.9,0.5,4.4,4.9,10.3,1.9,0.8,4.1,2.1,7,100
"warren, t.j.",pho,SF,47,22.7,0.501,0.703,28,0.4,0.6,11,1.2,1.9,3.1,0.9,0.8,0.3,0.7,2,0,-114
"watson, c.j.",orl,PG,33,19.8,0.343,0.872,14,0.292,0.4,4.3,0.3,1.7,2,2.7,0.6,0.2,0.8,1.5,0,-51
"weber, briante",mia,PG,7,24.3,0.359,0.75,0,0,0,4.4,1.1,2.4,3.6,3,1.3,0.4,1.3,1.7,0,-67
"weems, sonny",phi,SG,43,11.7,0.378,0.533,15,0.357,0.3,2.5,0.2,1.1,1.2,1.1,0.2,0,1,1.1,0,-98
"west, david",san,PF,78,18.1,0.545,0.788,3,0.429,0,7.1,0.9,3,4,1.8,0.6,0.7,0.9,1.8,2,334
"westbrook, russell",okl,PG,80,34.4,0.454,0.812,101,0.296,1.3,23.5,1.8,6,7.9,10.5,2,0.3,4.3,2.5,6,633
"whiteside, hassan",mia,C,73,29.1,0.605,0.65,0,0,0,14.2,3.3,8.6,11.8,0.4,0.6,3.7,1.9,2.8,2,97
"whittington, shayne",ind,PF,7,5.9,0.455,0.5,0,0,0,1.6,0.7,1,1.7,0.4,0.1,0.1,0.7,1,0,-6
"wiggins, andrew",min,SF,81,35.1,0.459,0.761,57,0.3,0.7,20.7,1.3,2.3,3.6,2,1,0.6,2.2,2,1,-66
"wilcox, c.j.",lac,SG,23,7.3,0.394,0.75,9,0.391,0.4,3,0,0.5,0.5,0.4,0.4,0.1,0.1,0.7,0,33
"williams, alan",pho,C,10,6.7,0.417,0.643,0,0,0,2.9,1.4,2.4,3.8,0.5,0.4,0.5,0.6,1.5,0,1
"williams, deron",dal,PG,65,32.4,0.414,0.869,97,0.344,1.5,14.1,0.3,2.6,2.9,5.8,0.9,0.2,2.3,2.4,0,5
"williams, derrick",nyk,PF,80,18,0.45,0.758,44,0.293,0.6,9.3,0.6,3.1,3.7,0.9,0.4,0.1,0.8,0.9,0,-204
"williams, elliot",mem,SG,5,9.2,0.2,0.75,1,0.25,0.2,1.6,0.2,0.6,0.8,0.8,0.2,0,0.2,0.4,0,-3
"williams, louis",lal,SG,67,28.5,0.407,0.83,110,0.343,1.6,15.3,0.5,2.1,2.5,2.5,0.9,0.3,1.6,1.6,1,-399
"williams, marvin",cha,PF,81,28.9,0.452,0.833,152,0.401,1.9,11.7,1.6,4.9,6.4,1.4,0.7,1,0.8,1.6,0,248
"williams, mo",cle,PG,41,18.2,0.437,0.905,36,0.353,0.9,8.2,0.1,1.6,1.8,2.4,0.3,0.1,1.4,1.5,1,-58
"winslow, justise",mia,SF,78,28.7,0.423,0.684,32,0.276,0.4,6.5,1,4.1,5.2,1.5,0.9,0.3,1.2,2.4,0,110
"withey, jeff",uta,C,51,12.8,0.54,0.729,0,0,0,4.3,1.1,2.3,3.4,0.4,0.4,1,0.5,1.5,0,57
"wood, christian",phi,PF,17,8.6,0.415,0.619,4,0.364,0.2,3.6,0.8,1.5,2.2,0.2,0.3,0.4,0.1,0.6,0,-50
"wright, brandan",mem,PF,12,17.8,0.673,0.542,0,0,0,6.9,1.2,2.4,3.6,0.5,0.4,1.3,0.8,1.8,0,-57
"wright, delon",tor,PG,27,8.6,0.444,0.743,5,0.385,0.2,3.8,0.3,1.1,1.4,1.1,0.3,0.1,0.6,0.3,0,15
"wroten, tony",phi,SG,8,18.1,0.338,0.541,3,0.176,0.4,8.4,0.3,2.4,2.6,2.5,0.4,0,3.6,1.4,0,-68
"young, james",bos,SG,29,6.9,0.306,0.25,6,0.231,0.2,1,0.1,0.8,0.9,0.3,0.2,0,0.2,0.6,0,-27
"young, joseph",ind,PG,41,9.4,0.365,0.8,10,0.217,0.2,3.8,0.1,1.1,1.2,1.6,0.4,0,0.8,0.7,0,-33
"young, nick",lal,SF,54,19.2,0.339,0.829,77,0.325,1.4,7.3,0.3,1.5,1.8,0.6,0.4,0.1,0.6,0.9,1,-201
"young, thaddeus",bro,SF,73,33.1,0.514,0.644,7,0.233,0.1,15.1,2.4,6.6,9.1,1.8,1.5,0.5,1.9,2.5,1,-228
"zeller, cody",cha,PF,73,24.3,0.529,0.754,1,0.1,0,8.7,1.9,4.4,6.2,1,0.8,0.9,0.9,2.8,0,161
"zeller, tyler",bos,C,60,11.9,0.476,0.815,0,0,0,6.1,1,1.9,3,0.5,0.2,0.4,0.8,1.6,0,-62
